accuracy;n
0.908808978157;2
0.916696627677;3
0.914773241105;4
0.914991607241;5
0.91194330421;6
0.911211005653;7
