accuracy;n
0.897212283513;2
0.906506135171;3
0.904381324495;4
0.904763263604;5
0.901600193165;6
0.900463156046;7
