accuracy;n
0.873354310853;2
0.886944605278;3
0.885752782723;4
0.88641701073;5
0.882987646171;6
0.881556376859;7
