accuracy;n
0.893416230485;2
0.903611016743;3
0.902292699499;4
0.902653470466;5
0.899567375481;6
0.898184420106;7
